symbol,exchange,reason
LICI.NS,NSE,not_found_on_yahoo
LICI.BO,BSE,not_found_on_yahoo
ITC.BO,BSE,not_found_on_yahoo
ITC.NS,NSE,not_found_on_yahoo
ONGC.NS,NSE,not_found_on_yahoo
ONGC.BO,BSE,not_found_on_yahoo
JSWSTEEL.NS,NSE,not_found_on_yahoo
JSWSTEEL.BO,BSE,not_found_on_yahoo
TATASTEEL.NS,NSE,not_found_on_yahoo
TATASTEEL.BO,BSE,not_found_on_yahoo
IOC.NS,NSE,not_found_on_yahoo
IOC.BO,BSE,not_found_on_yahoo
SBILIFE.BO,BSE,not_found_on_yahoo
SBILIFE.NS,NSE,not_found_on_yahoo
VBL.BO,BSE,not_found_on_yahoo
VBL.NS,NSE,not_found_on_yahoo
ABB.NS,NSE,not_found_on_yahoo
ABB.BO,BSE,not_found_on_yahoo
BANKBARODA.NS,NSE,not_found_on_yahoo
BANKBARODA.BO,BSE,not_found_on_yahoo
LTM.NS,NSE,not_found_on_yahoo
IRFC.NS,NSE,not_found_on_yahoo
IRFC.BO,BSE,not_found_on_yahoo
SOLARINDS.NS,NSE,not_found_on_yahoo
SOLARINDS.BO,BSE,not_found_on_yahoo
BPCL.NS,NSE,not_found_on_yahoo
BPCL.BO,BSE,not_found_on_yahoo
HDFCLIFE.NS,NSE,not_found_on_yahoo
HDFCLIFE.BO,BSE,not_found_on_yahoo
SIEMENS.BO,BSE,not_found_on_yahoo
SIEMENS.NS,NSE,not_found_on_yahoo
INDIANB.NS,NSE,not_found_on_yahoo
INDIANB.BO,BSE,not_found_on_yahoo
BHEL.NS,NSE,not_found_on_yahoo
BHEL.BO,BSE,not_found_on_yahoo
ENRIN.NS,NSE,not_found_on_yahoo
RECLTD.BO,BSE,not_found_on_yahoo
RECLTD.NS,NSE,not_found_on_yahoo
MAXHEALTH.BO,BSE,not_found_on_yahoo
MAXHEALTH.NS,NSE,not_found_on_yahoo
OIL.BO,BSE,not_found_on_yahoo
OIL.NS,NSE,not_found_on_yahoo
POLICYBZR.BO,BSE,not_found_on_yahoo
POLICYBZR.NS,NSE,not_found_on_yahoo
SRF.BO,BSE,not_found_on_yahoo
SRF.NS,NSE,not_found_on_yahoo
SAIL.BO,BSE,not_found_on_yahoo
SAIL.NS,NSE,not_found_on_yahoo
GICRE.NS,NSE,not_found_on_yahoo
GICRE.BO,BSE,not_found_on_yahoo
BANKINDIA.NS,NSE,not_found_on_yahoo
BANKINDIA.BO,BSE,not_found_on_yahoo
IOB.BO,BSE,not_found_on_yahoo
IOB.NS,NSE,not_found_on_yahoo
SBICARD.BO,BSE,not_found_on_yahoo
SBICARD.NS,NSE,not_found_on_yahoo
MRF.BO,BSE,not_found_on_yahoo
MRF.NS,NSE,not_found_on_yahoo
UPL.BO,BSE,not_found_on_yahoo
UPL.NS,NSE,not_found_on_yahoo
MAHABANK.NS,NSE,not_found_on_yahoo
MAHABANK.BO,BSE,not_found_on_yahoo
BDL.BO,BSE,not_found_on_yahoo
BDL.NS,NSE,not_found_on_yahoo
IRCTC.NS,NSE,not_found_on_yahoo
IRCTC.BO,BSE,not_found_on_yahoo
NLCINDIA.NS,NSE,not_found_on_yahoo
NLCINDIA.BO,BSE,not_found_on_yahoo
IREDA.NS,NSE,not_found_on_yahoo
IREDA.BO,BSE,not_found_on_yahoo
LTTS.NS,NSE,not_found_on_yahoo
LTTS.BO,BSE,not_found_on_yahoo
3MINDIA.NS,NSE,not_found_on_yahoo
3MINDIA.BO,BSE,not_found_on_yahoo
CENTRALBK.BO,BSE,not_found_on_yahoo
CENTRALBK.NS,NSE,not_found_on_yahoo
PGHH.BO,BSE,not_found_on_yahoo
PGHH.NS,NSE,not_found_on_yahoo
JBCHEPHARM.NS,NSE,not_found_on_yahoo
JBCHEPHARM.BO,BSE,not_found_on_yahoo
MEDANTA.NS,NSE,not_found_on_yahoo
MEDANTA.BO,BSE,not_found_on_yahoo
CDSL.NS,NSE,not_found_on_yahoo
ITI.NS,NSE,not_found_on_yahoo
ITI.BO,BSE,not_found_on_yahoo
AEGISLOG.NS,NSE,not_found_on_yahoo
AEGISLOG.BO,BSE,not_found_on_yahoo
GESHIP.BO,BSE,not_found_on_yahoo
GESHIP.NS,NSE,not_found_on_yahoo
ACMESOLAR.BO,BSE,not_found_on_yahoo
ACMESOLAR.NS,NSE,not_found_on_yahoo
TATACHEM.BO,BSE,not_found_on_yahoo
TATACHEM.NS,NSE,not_found_on_yahoo
INOXWIND.NS,NSE,not_found_on_yahoo
INOXWIND.BO,BSE,not_found_on_yahoo
KSB.NS,NSE,not_found_on_yahoo
KSB.BO,BSE,not_found_on_yahoo
OLAELEC.NS,NSE,not_found_on_yahoo
IGIL.NS,NSE,not_found_on_yahoo
LMW.BO,BSE,not_found_on_yahoo
JBMA.NS,NSE,not_found_on_yahoo
JBMA.BO,BSE,not_found_on_yahoo
LTFOODS.NS,NSE,not_found_on_yahoo
LTFOODS.BO,BSE,not_found_on_yahoo
SCI.NS,NSE,not_found_on_yahoo
SCI.BO,BSE,not_found_on_yahoo
INDIAMART.BO,BSE,not_found_on_yahoo
INDIAMART.NS,NSE,not_found_on_yahoo
NSLNISP.NS,NSE,not_found_on_yahoo
AZAD.NS,NSE,not_found_on_yahoo
NSLNISP.BO,BSE,not_found_on_yahoo
HEG.NS,NSE,not_found_on_yahoo
HEG.BO,BSE,not_found_on_yahoo
IEX.NS,NSE,not_found_on_yahoo
IEX.BO,BSE,not_found_on_yahoo
CEMPRO.BO,BSE,not_found_on_yahoo
CEMPRO.NS,NSE,not_found_on_yahoo
ACE.NS,NSE,not_found_on_yahoo
ACE.BO,BSE,not_found_on_yahoo
NCC.BO,BSE,not_found_on_yahoo
NCC.NS,NSE,not_found_on_yahoo
INDIASHLTR.NS,NSE,not_found_on_yahoo
INDIASHLTR.BO,BSE,not_found_on_yahoo
ASKAUTOLTD.NS,NSE,not_found_on_yahoo
ASKAUTOLTD.BO,BSE,not_found_on_yahoo
HCG.BO,BSE,not_found_on_yahoo
IMFA.BO,BSE,not_found_on_yahoo
IMFA.NS,NSE,not_found_on_yahoo
HCG.NS,NSE,not_found_on_yahoo
SKFINDIA.BO,BSE,not_found_on_yahoo
SKFINDIA.NS,NSE,not_found_on_yahoo
PGHL.NS,NSE,not_found_on_yahoo
PGHL.BO,BSE,not_found_on_yahoo
VIKRAMSOLR.NS,NSE,not_found_on_yahoo
MARKSANS.BO,BSE,not_found_on_yahoo
MARKSANS.NS,NSE,not_found_on_yahoo
ZEEL.BO,BSE,not_found_on_yahoo
ZEEL.NS,NSE,not_found_on_yahoo
SONATSOFTW.BO,BSE,not_found_on_yahoo
SONATSOFTW.NS,NSE,not_found_on_yahoo
HMT.NS,NSE,not_found_on_yahoo
TCI.BO,BSE,not_found_on_yahoo
TCI.NS,NSE,not_found_on_yahoo
HMT.BO,BSE,not_found_on_yahoo
V2RETAIL.BO,BSE,not_found_on_yahoo
V2RETAIL.NS,NSE,not_found_on_yahoo
NEWGEN.BO,BSE,not_found_on_yahoo
NEWGEN.NS,NSE,not_found_on_yahoo
MOIL.NS,NSE,not_found_on_yahoo
MOIL.BO,BSE,not_found_on_yahoo
INDIAGLYCO.NS,NSE,not_found_on_yahoo
INDIAGLYCO.BO,BSE,not_found_on_yahoo
PRSMJOHNSN.NS,NSE,not_found_on_yahoo
PRSMJOHNSN.BO,BSE,not_found_on_yahoo
SHREEJISPG.NS,NSE,not_found_on_yahoo
SAPPHIRE.BO,BSE,not_found_on_yahoo
SAPPHIRE.NS,NSE,not_found_on_yahoo
PTC.BO,BSE,not_found_on_yahoo
PTC.NS,NSE,not_found_on_yahoo
ITDC.BO,BSE,not_found_on_yahoo
ITDC.NS,NSE,not_found_on_yahoo
VMART.BO,BSE,not_found_on_yahoo
VMART.NS,NSE,not_found_on_yahoo
GULFOILLUB.BO,BSE,not_found_on_yahoo
GULFOILLUB.NS,NSE,not_found_on_yahoo
AGIIL.BO,BSE,not_found_on_yahoo
AGIIL.NS,NSE,not_found_on_yahoo
VRLLOG.NS,NSE,not_found_on_yahoo
SIS.NS,NSE,not_found_on_yahoo
VRLLOG.BO,BSE,not_found_on_yahoo
SIS.BO,BSE,not_found_on_yahoo
BAJAJELEC.NS,NSE,not_found_on_yahoo
BAJAJELEC.BO,BSE,not_found_on_yahoo
MAHLOG.BO,BSE,not_found_on_yahoo
MAHLOG.NS,NSE,not_found_on_yahoo
PDSL.NS,NSE,not_found_on_yahoo
PDSL.BO,BSE,not_found_on_yahoo
SMSPHARMA.NS,NSE,not_found_on_yahoo
SMSPHARMA.BO,BSE,not_found_on_yahoo
NEOGEN.NS,NSE,not_found_on_yahoo
NEOGEN.BO,BSE,not_found_on_yahoo
IBULLSLTD.BO,BSE,not_found_on_yahoo
MANINFRA.BO,BSE,not_found_on_yahoo
IBULLSLTD.NS,NSE,not_found_on_yahoo
NORTHARC.NS,NSE,not_found_on_yahoo
VISHNU.NS,NSE,not_found_on_yahoo
VISHNU.BO,BSE,not_found_on_yahoo
MANINFRA.NS,NSE,not_found_on_yahoo
AGI.BO,BSE,not_found_on_yahoo
AGI.NS,NSE,not_found_on_yahoo
NAVNETEDUL.NS,NSE,not_found_on_yahoo
NAVNETEDUL.BO,BSE,not_found_on_yahoo
KNRCON.NS,NSE,not_found_on_yahoo
KNRCON.BO,BSE,not_found_on_yahoo
SSWL.NS,NSE,not_found_on_yahoo
SSWL.BO,BSE,not_found_on_yahoo
RSYSTEMS.NS,NSE,not_found_on_yahoo
RSYSTEMS.BO,BSE,not_found_on_yahoo
MPSLTD.NS,NSE,not_found_on_yahoo
MPSLTD.BO,BSE,not_found_on_yahoo
STEELCAS.NS,NSE,not_found_on_yahoo
STEELCAS.BO,BSE,not_found_on_yahoo
SEIL.BO,BSE,not_found_on_yahoo
AUTOAXLES.BO,BSE,not_found_on_yahoo
AUTOAXLES.NS,NSE,not_found_on_yahoo
WINDMACHIN.BO,BSE,not_found_on_yahoo
WINDMACHIN.NS,NSE,not_found_on_yahoo
IOLCP.BO,BSE,not_found_on_yahoo
IOLCP.NS,NSE,not_found_on_yahoo
PARKHOTELS.NS,NSE,not_found_on_yahoo
ADFFOODS.NS,NSE,not_found_on_yahoo
ADFFOODS.BO,BSE,not_found_on_yahoo
SOLARA.BO,BSE,not_found_on_yahoo
SOLARA.NS,NSE,not_found_on_yahoo
ONIXSOLAR.BO,BSE,not_found_on_yahoo
HPL.NS,NSE,not_found_on_yahoo
HPL.BO,BSE,not_found_on_yahoo
SCILAL.NS,NSE,not_found_on_yahoo
ARKADE.NS,NSE,not_found_on_yahoo
DCXINDIA.NS,NSE,not_found_on_yahoo
DCXINDIA.BO,BSE,not_found_on_yahoo
WAAREEINDO.NS,NSE,not_found_on_yahoo
NUCLEUS.NS,NSE,not_found_on_yahoo
NUCLEUS.BO,BSE,not_found_on_yahoo
CANTABIL.NS,NSE,not_found_on_yahoo
VINCOFE.BO,BSE,not_found_on_yahoo
CANTABIL.BO,BSE,not_found_on_yahoo
VINCOFE.NS,NSE,not_found_on_yahoo
ALPEXSOLAR.NS,NSE,not_found_on_yahoo
MSPL.BO,BSE,not_found_on_yahoo
MSPL.NS,NSE,not_found_on_yahoo
TITANBIO.BO,BSE,not_found_on_yahoo
BFUTILITIE.BO,BSE,not_found_on_yahoo
BFUTILITIE.NS,NSE,not_found_on_yahoo
WINDLAS.NS,NSE,not_found_on_yahoo
WINDLAS.BO,BSE,not_found_on_yahoo
IPL.NS,NSE,not_found_on_yahoo
IPL.BO,BSE,not_found_on_yahoo
INDNIPPON.BO,BSE,not_found_on_yahoo
INDNIPPON.NS,NSE,not_found_on_yahoo
JNKINDIA.NS,NSE,not_found_on_yahoo
GARUDA.NS,NSE,not_found_on_yahoo
GARUDA.BO,BSE,not_found_on_yahoo
RAMCOSYS.BO,BSE,not_found_on_yahoo
RAMCOSYS.NS,NSE,not_found_on_yahoo
MCLOUD.NS,NSE,not_found_on_yahoo
MCLOUD.BO,BSE,not_found_on_yahoo
SANSTAR.NS,NSE,not_found_on_yahoo
BFINVEST.BO,BSE,not_found_on_yahoo
BFINVEST.NS,NSE,not_found_on_yahoo
ALGOQUANT.BO,BSE,not_found_on_yahoo
JGCHEM.NS,NSE,not_found_on_yahoo
SPIC.NS,NSE,not_found_on_yahoo
SPIC.BO,BSE,not_found_on_yahoo
AWHCL.NS,NSE,not_found_on_yahoo
AWHCL.BO,BSE,not_found_on_yahoo
TIL.NS,NSE,not_found_on_yahoo
TIL.BO,BSE,not_found_on_yahoo
ALLCARGO.BO,BSE,not_found_on_yahoo
BLUECLOUDS.BO,BSE,not_found_on_yahoo
ALLCARGO.NS,NSE,not_found_on_yahoo
INDOSOLAR.NS,NSE,not_found_on_yahoo
KCK.NS,NSE,not_found_on_yahoo
SAKAR.NS,NSE,not_found_on_yahoo
EXPLEOSOL.BO,BSE,not_found_on_yahoo
EXPLEOSOL.NS,NSE,not_found_on_yahoo
IMPAL.BO,BSE,not_found_on_yahoo
IMPAL.NS,NSE,not_found_on_yahoo
TTKHLTCARE.NS,NSE,not_found_on_yahoo
MMWL.BO,BSE,not_found_on_yahoo
FINOPB.BO,BSE,not_found_on_yahoo
FINOPB.NS,NSE,not_found_on_yahoo
CAPITALSFB.NS,NSE,not_found_on_yahoo
BAJAJHCARE.NS,NSE,not_found_on_yahoo
BAJAJHCARE.BO,BSE,not_found_on_yahoo
GPTHEALTH.NS,NSE,not_found_on_yahoo
STEELXIND.NS,NSE,not_found_on_yahoo
STEELXIND.BO,BSE,not_found_on_yahoo
CIFL.NS,NSE,not_found_on_yahoo
ACGL.BO,BSE,not_found_on_yahoo
CIFL.BO,BSE,not_found_on_yahoo
GRPLTD.NS,NSE,not_found_on_yahoo
SAPL.BO,BSE,not_found_on_yahoo
GRPLTD.BO,BSE,not_found_on_yahoo
WCIL.NS,NSE,not_found_on_yahoo
BAJAJST.BO,BSE,not_found_on_yahoo
APS.NS,NSE,not_found_on_yahoo
RAMASTEEL.BO,BSE,not_found_on_yahoo
RAMASTEEL.NS,NSE,not_found_on_yahoo
GKWLIMITED.NS,NSE,not_found_on_yahoo
DPSCLTD.NS,NSE,not_found_on_yahoo
SAHAJSOLAR.NS,NSE,not_found_on_yahoo
NINSYS.NS,NSE,not_found_on_yahoo
ISTLTD.BO,BSE,not_found_on_yahoo
BODALCHEM.NS,NSE,not_found_on_yahoo
BODALCHEM.BO,BSE,not_found_on_yahoo
SALSTEEL.NS,NSE,not_found_on_yahoo
SALSTEEL.BO,BSE,not_found_on_yahoo
PQIF.BO,BSE,not_found_on_yahoo
DENTA.NS,NSE,not_found_on_yahoo
MAXIND.NS,NSE,not_found_on_yahoo
ECORECO.BO,BSE,not_found_on_yahoo
VTMLTD.BO,BSE,not_found_on_yahoo
INDIAHOMES.BO,BSE,not_found_on_yahoo
ASAL.NS,NSE,not_found_on_yahoo
ASAL.BO,BSE,not_found_on_yahoo
BIGBLOC.BO,BSE,not_found_on_yahoo
BIGBLOC.NS,NSE,not_found_on_yahoo
TAKE.NS,NSE,not_found_on_yahoo
SPELS.BO,BSE,not_found_on_yahoo
TAKE.BO,BSE,not_found_on_yahoo
SNOWMAN.BO,BSE,not_found_on_yahoo
VEEFIN.BO,BSE,not_found_on_yahoo
SNOWMAN.NS,NSE,not_found_on_yahoo
SJLOGISTIC.NS,NSE,not_found_on_yahoo
AXTEL.BO,BSE,not_found_on_yahoo
PATELRMART.NS,NSE,not_found_on_yahoo
KSE.BO,BSE,not_found_on_yahoo
LINC.NS,NSE,not_found_on_yahoo
LINC.BO,BSE,not_found_on_yahoo
HLVLTD.BO,BSE,not_found_on_yahoo
HLVLTD.NS,NSE,not_found_on_yahoo
PRIMO.NS,NSE,not_found_on_yahoo
PRIMO.BO,BSE,not_found_on_yahoo
RITCO.NS,NSE,not_found_on_yahoo
RITCO.BO,BSE,not_found_on_yahoo
ESSARSHPNG.NS,NSE,not_found_on_yahoo
ESSARSHPNG.BO,BSE,not_found_on_yahoo
ENIL.NS,NSE,not_found_on_yahoo
VISAKAIND.NS,NSE,not_found_on_yahoo
VISAKAIND.BO,BSE,not_found_on_yahoo
SICALLOG.NS,NSE,not_found_on_yahoo
AZADIND.BO,BSE,not_found_on_yahoo
HTMEDIA.BO,BSE,not_found_on_yahoo
ENIL.BO,BSE,not_found_on_yahoo
HTMEDIA.NS,NSE,not_found_on_yahoo
IFINSEC.BO,BSE,not_found_on_yahoo
VINYLINDIA.NS,NSE,not_found_on_yahoo
GLOBAL.NS,NSE,not_found_on_yahoo
VISASTEEL.NS,NSE,not_found_on_yahoo
VINYLINDIA.BO,BSE,not_found_on_yahoo
ZEEMEDIA.NS,NSE,not_found_on_yahoo
GFLLIMITED.BO,BSE,not_found_on_yahoo
NIYOGIN.BO,BSE,not_found_on_yahoo
INTLCONV.BO,BSE,not_found_on_yahoo
ZEEMEDIA.BO,BSE,not_found_on_yahoo
INTLCONV.NS,NSE,not_found_on_yahoo
GFLLIMITED.NS,NSE,not_found_on_yahoo
IEML.NS,NSE,not_found_on_yahoo
DICIND.BO,BSE,not_found_on_yahoo
DICIND.NS,NSE,not_found_on_yahoo
FOODSIN.BO,BSE,not_found_on_yahoo
FOODSIN.NS,NSE,not_found_on_yahoo
SICALLOG.BO,BSE,not_found_on_yahoo
TERASOFT.BO,BSE,not_found_on_yahoo
TERASOFT.NS,NSE,not_found_on_yahoo
SINCLAIR.BO,BSE,not_found_on_yahoo
SINCLAIR.NS,NSE,not_found_on_yahoo
EMMIL.NS,NSE,not_found_on_yahoo
TRANSWORLD.NS,NSE,not_found_on_yahoo
GEE.BO,BSE,not_found_on_yahoo
TRANSWORLD.BO,BSE,not_found_on_yahoo
TIGERLOGS.BO,BSE,not_found_on_yahoo
FUNDVISER.BO,BSE,not_found_on_yahoo
AXITA.NS,NSE,not_found_on_yahoo
TIGERLOGS.NS,NSE,not_found_on_yahoo
AXITA.BO,BSE,not_found_on_yahoo
TICL.NS,NSE,not_found_on_yahoo
MEGASTAR.BO,BSE,not_found_on_yahoo
MEGASTAR.NS,NSE,not_found_on_yahoo
SJCORP.BO,BSE,not_found_on_yahoo
URBAN.NS,NSE,not_found_on_yahoo
DJML.NS,NSE,not_found_on_yahoo
SPENCERS.BO,BSE,not_found_on_yahoo
SPENCERS.NS,NSE,not_found_on_yahoo
DJML.BO,BSE,not_found_on_yahoo
WATERBASE.NS,NSE,not_found_on_yahoo
SADHAV.NS,NSE,not_found_on_yahoo
FCSSOFT.BO,BSE,not_found_on_yahoo
AGRIBIO.BO,BSE,not_found_on_yahoo
AUTOIND.NS,NSE,not_found_on_yahoo
AUTOIND.BO,BSE,not_found_on_yahoo
TRF.BO,BSE,not_found_on_yahoo
BHATIA.BO,BSE,not_found_on_yahoo
GOLDSTAR.NS,NSE,not_found_on_yahoo
TRF.NS,NSE,not_found_on_yahoo
BAHETI.NS,NSE,not_found_on_yahoo
FCSSOFT.NS,NSE,not_found_on_yahoo
ACESOFT.BO,BSE,not_found_on_yahoo
OILCOUNTUB.NS,NSE,not_found_on_yahoo
OILCOUNTUB.BO,BSE,not_found_on_yahoo
USASEEDS.NS,NSE,not_found_on_yahoo
ITHL.BO,BSE,not_found_on_yahoo
GSLSU.BO,BSE,not_found_on_yahoo
BPL.BO,BSE,not_found_on_yahoo
BPL.NS,NSE,not_found_on_yahoo
GSLSU.NS,NSE,not_found_on_yahoo
INDGELA.BO,BSE,not_found_on_yahoo
PGFOILQ.BO,BSE,not_found_on_yahoo
SURANAT&P.NS,NSE,not_found_on_yahoo
INDTONER.BO,BSE,not_found_on_yahoo
AVG.BO,BSE,not_found_on_yahoo
AVG.NS,NSE,not_found_on_yahoo
DRCSYSTEMS.BO,BSE,not_found_on_yahoo
DRCSYSTEMS.NS,NSE,not_found_on_yahoo
WARDWIZFBL.BO,BSE,not_found_on_yahoo
BYKE.NS,NSE,not_found_on_yahoo
CTL.BO,BSE,not_found_on_yahoo
AIRAN.BO,BSE,not_found_on_yahoo
AIRAN.NS,NSE,not_found_on_yahoo
RULKA.NS,NSE,not_found_on_yahoo
NSL.BO,BSE,not_found_on_yahoo
WATERBASE.BO,BSE,not_found_on_yahoo
ABVL.BO,BSE,not_found_on_yahoo
FONEBOX.NS,NSE,not_found_on_yahoo
SCANSTL.BO,BSE,not_found_on_yahoo
SILGO.NS,NSE,not_found_on_yahoo
ORGANICREC.BO,BSE,not_found_on_yahoo
7SEASL.BO,BSE,not_found_on_yahoo
RATHIST.BO,BSE,not_found_on_yahoo
KLL.NS,NSE,not_found_on_yahoo
GOLDENCREST.BO,BSE,not_found_on_yahoo
INCREDIBLE.BO,BSE,not_found_on_yahoo
MCL.NS,NSE,not_found_on_yahoo
INDOWIND.NS,NSE,not_found_on_yahoo
INDOWIND.BO,BSE,not_found_on_yahoo
INCREDIBLE.NS,NSE,not_found_on_yahoo
INDTERRAIN.BO,BSE,not_found_on_yahoo
MLKFOOD.BO,BSE,not_found_on_yahoo
INDTERRAIN.NS,NSE,not_found_on_yahoo
DHPIND.BO,BSE,not_found_on_yahoo
NECCLTD.BO,BSE,not_found_on_yahoo
NECCLTD.NS,NSE,not_found_on_yahoo
ENFUSE.NS,NSE,not_found_on_yahoo
ALUWIND.NS,NSE,not_found_on_yahoo
TRANSTEEL.NS,NSE,not_found_on_yahoo
PRAXIS.NS,NSE,not_found_on_yahoo
TRUSTEDGE.BO,BSE,not_found_on_yahoo
IVP.NS,NSE,not_found_on_yahoo
IVP.BO,BSE,not_found_on_yahoo
INDSUCR.BO,BSE,not_found_on_yahoo
PRAXIS.BO,BSE,not_found_on_yahoo
MODULEX.BO,BSE,not_found_on_yahoo
AIROLAM.NS,NSE,not_found_on_yahoo
WIPL.NS,NSE,not_found_on_yahoo
FRETAIL.BO,BSE,not_found_on_yahoo
SPTRSHI.BO,BSE,not_found_on_yahoo
INTLCOMBQ.BO,BSE,not_found_on_yahoo
STEELCITY.NS,NSE,not_found_on_yahoo
AUTOINT.BO,BSE,not_found_on_yahoo
SURANASOL.BO,BSE,not_found_on_yahoo
SURANASOL.NS,NSE,not_found_on_yahoo
BALPHARMA.NS,NSE,not_found_on_yahoo
GARNET.BO,BSE,not_found_on_yahoo
BALPHARMA.BO,BSE,not_found_on_yahoo
FRETAIL.NS,NSE,not_found_on_yahoo
GTL.NS,NSE,not_found_on_yahoo
GTL.BO,BSE,not_found_on_yahoo
INDINFO.BO,BSE,not_found_on_yahoo
PHARMAID.BO,BSE,not_found_on_yahoo
CGVAK.BO,BSE,not_found_on_yahoo
JCTLTD.BO,BSE,not_found_on_yahoo
RSSOFTWARE.NS,NSE,not_found_on_yahoo
AGNI.NS,NSE,not_found_on_yahoo
AUTOPINS.BO,BSE,not_found_on_yahoo
BVCL.BO,BSE,not_found_on_yahoo
BVCL.NS,NSE,not_found_on_yahoo
RSSOFTWARE.BO,BSE,not_found_on_yahoo
SALAUTO.BO,BSE,not_found_on_yahoo
TOTAL.NS,NSE,not_found_on_yahoo
PACIFICI.BO,BSE,not_found_on_yahoo
SEMAC.NS,NSE,not_found_on_yahoo
KORE.BO,BSE,not_found_on_yahoo
ACKNIT.BO,BSE,not_found_on_yahoo
INDIANACRY.BO,BSE,not_found_on_yahoo
IL&FSTRANS.NS,NSE,not_found_on_yahoo
BABAFP.NS,NSE,not_found_on_yahoo
WEPSOLN.BO,BSE,not_found_on_yahoo
SGLRES.BO,BSE,not_found_on_yahoo
GCKL.BO,BSE,not_found_on_yahoo
ACCURACY.NS,NSE,not_found_on_yahoo
ENERGYDEV.NS,NSE,not_found_on_yahoo
ENERGYDEV.BO,BSE,not_found_on_yahoo
OSIAHYPER.NS,NSE,not_found_on_yahoo
INDXTRA.BO,BSE,not_found_on_yahoo
BANKA.NS,NSE,not_found_on_yahoo
IRONWOOD.BO,BSE,not_found_on_yahoo
AJOONI.NS,NSE,not_found_on_yahoo
MAGSON.NS,NSE,not_found_on_yahoo
WAA.BO,BSE,not_found_on_yahoo
OLATECH.BO,BSE,not_found_on_yahoo
STML.BO,BSE,not_found_on_yahoo
ROML.BO,BSE,not_found_on_yahoo
ROML.NS,NSE,not_found_on_yahoo
MANPASAND.NS,NSE,not_found_on_yahoo
SUNLOC.BO,BSE,not_found_on_yahoo
GENPHARMA.BO,BSE,not_found_on_yahoo
YUDIZ.NS,NSE,not_found_on_yahoo
NHCFOODS.BO,BSE,not_found_on_yahoo
GSMFOILS.NS,NSE,not_found_on_yahoo
HOACFOODS.NS,NSE,not_found_on_yahoo
EFORU.BO,BSE,not_found_on_yahoo
FLEXFO.BO,BSE,not_found_on_yahoo
CRANESSOFT.BO,BSE,not_found_on_yahoo
VISAMAN.NS,NSE,not_found_on_yahoo
AKI.NS,NSE,not_found_on_yahoo
EVANS.BO,BSE,not_found_on_yahoo
INCAP.BO,BSE,not_found_on_yahoo
AKI.BO,BSE,not_found_on_yahoo
SSTL.BO,BSE,not_found_on_yahoo
B2BSOFT.BO,BSE,not_found_on_yahoo
EMAINDIA.BO,BSE,not_found_on_yahoo
GOLDENTOBC.NS,NSE,not_found_on_yahoo
SEACOAST.BO,BSE,not_found_on_yahoo
DESTINY.NS,NSE,not_found_on_yahoo
GOLDENTOBC.BO,BSE,not_found_on_yahoo
ORIBEVER.BO,BSE,not_found_on_yahoo
TNTELE.NS,NSE,not_found_on_yahoo
TNTELE.BO,BSE,not_found_on_yahoo
RRETAIL.BO,BSE,not_found_on_yahoo
MANJEERA.BO,BSE,not_found_on_yahoo
INDIAHOME.BO,BSE,not_found_on_yahoo
PCS.BO,BSE,not_found_on_yahoo
SMAUTO.BO,BSE,not_found_on_yahoo
JMJFIN.BO,BSE,not_found_on_yahoo
MSRINDIA.BO,BSE,not_found_on_yahoo
GOEL.BO,BSE,not_found_on_yahoo
TCMLMTD.BO,BSE,not_found_on_yahoo
TRANSVOY.BO,BSE,not_found_on_yahoo
TREEHOUSE.BO,BSE,not_found_on_yahoo
ABCINDQ.BO,BSE,not_found_on_yahoo
LIPPISYS.BO,BSE,not_found_on_yahoo
SILVOAK.BO,BSE,not_found_on_yahoo
TREEHOUSE.NS,NSE,not_found_on_yahoo
JOHNPHARMA.BO,BSE,not_found_on_yahoo
OLIL.NS,NSE,not_found_on_yahoo
EASTSILK.NS,NSE,not_found_on_yahoo
INFOMEDIA.BO,BSE,not_found_on_yahoo
INFOMEDIA.NS,NSE,not_found_on_yahoo
EASTSILK.BO,BSE,not_found_on_yahoo
SOUTHMG.BO,BSE,not_found_on_yahoo
INDIANVSH.BO,BSE,not_found_on_yahoo
AHASOLAR.BO,BSE,not_found_on_yahoo
INDCEMCAP.BO,BSE,not_found_on_yahoo
POOJA.BO,BSE,not_found_on_yahoo
VISAGAR.BO,BSE,not_found_on_yahoo
MEDIAONE.BO,BSE,not_found_on_yahoo
SOUTLAT.BO,BSE,not_found_on_yahoo
RAP.BO,BSE,not_found_on_yahoo
BESTEAST.BO,BSE,not_found_on_yahoo
ASRL.BO,BSE,not_found_on_yahoo
TECHIN.NS,NSE,not_found_on_yahoo
GTECJAINX.NS,NSE,not_found_on_yahoo
EKENNIS.BO,BSE,not_found_on_yahoo
HOTLSILV.BO,BSE,not_found_on_yahoo
SBECSYS.BO,BSE,not_found_on_yahoo
STLSTRINF.BO,BSE,not_found_on_yahoo
VIVIDHA.BO,BSE,not_found_on_yahoo
VIVIDHA.NS,NSE,not_found_on_yahoo
UMESLTD.NS,NSE,not_found_on_yahoo
JETSOLAR.BO,BSE,not_found_on_yahoo
UMESLTD.BO,BSE,not_found_on_yahoo
BHARAT.BO,BSE,not_found_on_yahoo
MFLINDIA.BO,BSE,not_found_on_yahoo
CARGOSOL.BO,BSE,not_found_on_yahoo
IBRIGST.BO,BSE,not_found_on_yahoo
7NR.BO,BSE,not_found_on_yahoo
EASTRED.BO,BSE,not_found_on_yahoo
UNIINFO.NS,NSE,not_found_on_yahoo
TRANSWIND.NS,NSE,not_found_on_yahoo
MKTCREAT.BO,BSE,not_found_on_yahoo
KBSINDIA.BO,BSE,not_found_on_yahoo
AMIABLE.NS,NSE,not_found_on_yahoo
UNIVAFOODS.NS,NSE,not_found_on_yahoo
SOUTHERNIN.BO,BSE,not_found_on_yahoo
SHYAMTEL.NS,NSE,not_found_on_yahoo
EON.NS,NSE,not_found_on_yahoo
SHYAMTEL.BO,BSE,not_found_on_yahoo
INDLEASE.BO,BSE,not_found_on_yahoo
EDUCOMP.NS,NSE,not_found_on_yahoo
EDUCOMP.BO,BSE,not_found_on_yahoo
RLF.BO,BSE,not_found_on_yahoo
NEWTRAC.BO,BSE,not_found_on_yahoo
SHAHFOOD.BO,BSE,not_found_on_yahoo
LIMECHM.BO,BSE,not_found_on_yahoo
HBEL.BO,BSE,not_found_on_yahoo
BFLAFL.BO,BSE,not_found_on_yahoo
ISFL.BO,BSE,not_found_on_yahoo
SRUSTEELS.BO,BSE,not_found_on_yahoo
FIRSTFIN.BO,BSE,not_found_on_yahoo
DQE.NS,NSE,not_found_on_yahoo
INCON.BO,BSE,not_found_on_yahoo
IDM.BO,BSE,not_found_on_yahoo
SSWRL.BO,BSE,not_found_on_yahoo
KOBO.BO,BSE,not_found_on_yahoo
WWALUM.BO,BSE,not_found_on_yahoo
MUKTA.BO,BSE,not_found_on_yahoo
GAGAN.BO,BSE,not_found_on_yahoo
GOLCA.BO,BSE,not_found_on_yahoo
SUNRETAIL.BO,BSE,not_found_on_yahoo
CANDC.NS,NSE,not_found_on_yahoo
SILVERPRL.BO,BSE,not_found_on_yahoo
SCBL.BO,BSE,not_found_on_yahoo
JOINTECAED.BO,BSE,not_found_on_yahoo
CHDCHEM.BO,BSE,not_found_on_yahoo
SGNTE.BO,BSE,not_found_on_yahoo
ATHCON.BO,BSE,not_found_on_yahoo
CKFSL.NS,NSE,not_found_on_yahoo
CHCL.BO,BSE,not_found_on_yahoo
INRADIA.BO,BSE,not_found_on_yahoo
ZSOUTGAS.BO,BSE,not_found_on_yahoo
IWEL.NS,NSE,not_found_on_yahoo
OPAL.NS,NSE,not_found_on_yahoo
TATASTLBSL.NS,NSE,not_found_on_yahoo
KAVVERITEL.NS,NSE,not_found_on_yahoo
IBREALEST.NS,NSE,not_found_on_yahoo
ABCGAS.BO,BSE,not_found_on_yahoo
PINCON.NS,NSE,not_found_on_yahoo
NBVENTURES.NS,NSE,not_found_on_yahoo
PSL.NS,NSE,not_found_on_yahoo
SHREYAS.BO,BSE,not_found_on_yahoo
TVOLCON.BO,BSE,not_found_on_yahoo
YAARI.NS,NSE,not_found_on_yahoo
PRAXIS-RE.NS,NSE,not_found_on_yahoo
AUTOLITIND.NS,NSE,not_found_on_yahoo
BNHOLDINGS.BO,BSE,not_found_on_yahoo
AREM,NSE,not_found_on_yahoo
TTKHEALTH.BO,BSE,not_found_on_yahoo
HIL.BO,BSE,not_found_on_yahoo
BPTEX.BO,BSE,not_found_on_yahoo
MAXINDIA.BO,BSE,not_found_on_yahoo
SURANATP.BO,BSE,not_found_on_yahoo